session_id,date,session_index_in_date,start_time,end_time,n_messages,n_user,n_assistant,n_attachments,title_hint,source_file
dlg_2025-04-03_s01,2025-04-03,1,2025-04-03T13:39:26+02:00,2025-04-03T15:12:51+02:00,71,33,38,7,"–ü—Ä–∏–≤–µ—Ç, –ø–æ–º–æ–≥–∏ –ø–æ–∂–∞–ª—É–π—Å—Ç–∞, —á—Ç–æ –Ω–µ —Ç–∞–∫ —Å —Ä–∞—Å—Ç–µ–Ω–∏–µ–º?",2025-04-03.md
dlg_2025-04-09_s01,2025-04-09,1,2025-04-09T15:00:19+02:00,2025-04-09T15:05:32+02:00,11,5,6,0,"–ü—Ä–∏–≤–µ—Ç, —Å–≤–µ—á–∏ –ª—É—á—à–µ –¥–æ—Å—Ç–∞–≤–∞—Ç—å –Ω–∞ —Ö–æ–ª–æ–¥–Ω—É—é –∏–ª–∏ –ø—Ä–æ–≥—Ä–µ—Ç—å –¥–≤–∏–≥–∞—Ç–µ–ª—å?",2025-04-09.md
dlg_2025-04-14_s01,2025-04-14,1,2025-04-14T15:32:07+02:00,2025-04-14T16:01:56+02:00,16,5,11,0,"{   ""prompt"": ""A peaceful and poetic scene by a lake in autumn: a glowing tree w",2025-04-14.md
dlg_2025-04-18_s01,2025-04-18,1,2025-04-18T09:25:07+02:00,2025-04-18T09:39:24+02:00,9,4,5,1,"–ü—Ä–∏–≤–µ—Ç, –º–æ–∂–µ—à—å —É–ª—É—á—à–∏—Ç—å –∏–∑–æ–±—Ä–∞–∂–µ–Ω–∏–µ, –ø–æ–≤—ã—Å–∏—Ç—å —Ä–∞–∑—Ä–µ—à–µ–Ω–∏–µ,–∫–∞—á–µ—Å—Ç–≤–æ –∏ —á–µ—Ç–∫–æ—Å—Ç—å. –°–±",2025-04-18.md
dlg_2025-04-19_s01,2025-04-19,1,2025-04-19T16:20:47+02:00,2025-04-19T16:50:56+02:00,23,8,15,0,"–ü—Ä–∏–≤–µ—Ç! –ü—Ä–∞–≤–æ—Å–ª–∞–≤–∏–µ –≤ –†–æ—Å—Å–∏–∏ –∑–∞—Ä–æ–¥–∏–ª–æ—Å—å –æ—Ñ–∏—Ü–∏–∞–ª—å–Ω–æ –≤ **988 –≥–æ–¥—É**, –∫–æ–≥–¥–∞ –∫–Ω—è–∑—å *",2025-04-19.md
dlg_2025-04-22_s01,2025-04-22,1,2025-04-22T08:51:53+02:00,2025-04-22T10:19:38+02:00,20,10,10,0,"<Role_and_Objectives> You are the Brutal Truth Mirror, an uncompromising AI psyc",2025-04-22.md
dlg_2025-04-23_s01,2025-04-23,1,2025-04-23T18:00:29+02:00,2025-04-23T18:20:48+02:00,11,5,6,3,"–ü—Ä–∏–≤–µ—Ç, –Ω–µ –º–æ–≥ –±—ã —Ç—ã –º–Ω–µ –ø–æ–º–æ—á—å —Å –≤–Ω–µ—à–Ω–∏–º –¥–∏–∑–∞–π–Ω–æ–º –º–æ–µ–≥–æ –¥–æ–º–∞, —Ö–æ—á–µ—Ç—Å—è —á—Ç–æ–±—ã –æ–Ω–∞",2025-04-23.md
dlg_2025-04-25_s01,2025-04-25,1,2025-04-25T17:08:49+02:00,2025-04-25T17:15:16+02:00,12,5,7,0,–ü—Ä–∏–≤–µ—Ç –∞ –∫—Ç–æ –ø–æ–º–∏–º–æ –ø—á—ë–ª –¥–µ–ª–∞–µ—Ç –º—ë–¥?,2025-04-25.md
dlg_2025-04-27_s01,2025-04-27,1,2025-04-27T06:25:18+02:00,2025-04-27T10:55:19+02:00,32,16,16,2,"–ü—Ä–∏–≤–µ—Ç, —ç—Ç–æ –ø—Ä–∞–≤–¥–∞? –ö–∞–∑–∞–ª–æ—Å—å –±—ã –±–∞–Ω–∞–ª—å–Ω–∞—è –æ—à–∏–±–∫–∞, –Ω–æ –∫ —á–µ–º—É —ç—Ç–æ –º–æ–∂–µ—Ç –ø—Ä–∏–≤–µ—Å—Ç–∏?",2025-04-27.md
dlg_2025-04-28_s01,2025-04-28,1,2025-04-28T06:17:34+02:00,2025-04-28T06:21:51+02:00,11,4,7,0,"–ü—Ä–∏–≤–µ—Ç, —Ç—ã –≥–æ—Ç–æ–≤ –∫ –Ω–æ–≤–æ–º—É —ç—Ç–∞–ø—É –±–æ—Ä—å–±—ã —Å–æ –∑–ª–æ–º? üòÖ https://imgur.com/a/XJf8ztb",2025-04-28.md
dlg_2025-04-28_s02,2025-04-28,2,2025-04-28T11:25:12+02:00,2025-04-28T12:59:32+02:00,12,6,6,2,–Ø –∏–º–µ–ª –≤–≤–∏–¥—É –≤–æ—Ç —ç—Ç–æüò±,2025-04-28.md
dlg_2025-04-28_s03,2025-04-28,3,2025-04-28T15:13:21+02:00,2025-04-28T19:20:35+02:00,27,13,14,1,–î–∞ —Ä–∞—Å—Å–∫–∞–∂–∏ –ø–æ–∂–∞–ª—É–π—Å—Ç–∞ üòâ,2025-04-28.md
dlg_2025-04-29_s01,2025-04-29,1,2025-04-29T06:35:15+02:00,2025-04-29T09:44:40+02:00,34,17,17,0,"–¢–∞–º —Å—Ç–æ–∏—Ç –æ–±—ã—á–Ω—ã–π, —Ö—É–¥–æ—â–∞–≤—ã–π –ø–∞—Ä–µ–Ω—å. –°–ª–µ–≥–∫–∞ —Å—É—Ç—É–ª–∏—Ç—Å—è –≤ —Ä–∞—Å—Å–ª–∞–±–ª–µ–Ω–Ω–æ–º —Å–æ—Å—Ç–æ—è–Ω–∏–∏.",2025-04-29.md
dlg_2025-04-29_s02,2025-04-29,2,2025-04-29T17:43:41+02:00,2025-04-29T18:12:22+02:00,20,10,10,0,–ù–∞—á–Ω—ë–º —Å –∑–∞–∫–ª—é—á—ë–Ω–Ω–æ–≥–æ –≤ —Ç—Ä—é–º–µüëç,2025-04-29.md
dlg_2025-04-30_s01,2025-04-30,1,2025-04-30T08:19:34+02:00,2025-04-30T18:40:43+02:00,164,79,84,25,"–ü—Ä–∏–≤–µ—Ç‚úãüëã, –Ω–µ–º–Ω–æ–≥–æ –æ—Ç–≤–ª–µ—á–µ–º—Å—è. –ü–æ–¥—Å–∫–∞–∂–∏ –∫–∞–∫ –º–Ω–µ –æ–ø–ª–∞—Ç–∏—Ç—å —Ç–µ–±—è –∏–∑ –†–æ—Å—Å–∏–∏?",2025-04-30.md
dlg_2025-04-30_s02,2025-04-30,2,2025-04-30T21:17:19+02:00,2025-04-30T21:27:55+02:00,4,2,2,2,–°–º–æ—Ç—Ä–∏ –∫–∞–∫ —Ç–µ–ø–µ—Ä—å –æ–±–∞–ª–¥–µ–Ω–Ω–æ –≤—ã–≥–ª—è–¥–∏—Ç –º–æ–π –∫–∞–Ω–∞–ª –±–ª–∞–≥–æ–¥–∞—Ä—è —Ç–µ–±–µ. https://www.twitc,2025-04-30.md
dlg_2025-05-02_s01,2025-05-02,1,2025-05-02T03:22:42+02:00,2025-05-02T03:22:43+02:00,2,1,1,0,"–ü—Ä–∏–≤–µ—Ç —Ä–∞—Å—Å–∫–∞–∂–∏ –ø–æ–¥—Ä–æ–±–Ω–æ —ç—Ç–∞–ø—ã –ø—Ä–æ–µ–∫—Ç–∏—Ä–æ–≤–∞–Ω–∏—è, –º–æ–Ω—Ç–∞–∂–∞ –∏ –ø–æ–¥–∫–ª—é—á–µ–Ω–∏–µ —Å–∏—Å—Ç–µ–º—ã –∑–∞–∑",2025-05-02.md
dlg_2025-05-23_s01,2025-05-23,1,2025-05-23T05:12:08+02:00,2025-05-23T05:12:10+02:00,2,1,1,0,"–ü—Ä–∏–≤–µ—Ç –ø–æ–¥—Å–∫–∞–∂–∏ –ø–æ–∂–∞–ª—É–π—Å—Ç–∞ –∫–∞–∫ –Ω–∞ –æ—Ä–≥–∞–Ω–∏–∑–º –¥–µ–π—Å—Ç–≤—É–µ—Ç —Å–∞—Ö–∞—Ä –∏ —Ñ—Ä—É–∫—Ç–æ–∑–∞, —á—Ç–æ –ª—É—á—à–µ",2025-05-23.md
dlg_2025-05-31_s01,2025-05-31,1,2025-05-31T09:51:22+02:00,2025-05-31T10:49:18+02:00,10,4,6,1,"–ü—Ä–∏–≤–µ—Ç –∞ –ø–æ–¥—Å–∫–∞–∂–∏ –ø–æ–∂–∞–ª—É–π—Å—Ç–∞, —á—Ç–æ –±—É–¥–µ—Ç –µ—Å–ª–∏ —è —Ä–∞–≤–Ω–æ–º–µ—Ä–Ω–æ –Ω–∞—Å–≤–µ—Ä–ª—é –ø–ª–∞—Å—Ç–∏–∫–æ–≤—ã–π –æ",2025-05-31.md
dlg_2025-06-09_s01,2025-06-09,1,2025-06-09T19:24:33+02:00,2025-06-09T22:11:02+02:00,18,7,11,0,"–ü—Ä–∏–≤–µ—Ç, —É –º–µ–Ω—è –¥—Ä—É–≥ –ø—Ä–∏—Å–º–∞—Ç—Ä–∏–≤–∞–µ—Ç —Å–µ–±–µ –º–æ–±–∏–ª—å–Ω—ã–π –∫–æ–Ω–¥–∏—Ü–∏–æ–Ω–µ—Ä –∏ —è —Ö–æ—Ç–µ–ª –±—ã –µ–º—É –≤",2025-06-09.md
dlg_2025-06-10_s01,2025-06-10,1,2025-06-10T08:50:27+02:00,2025-06-10T09:20:20+02:00,6,3,3,0,–ö–∞–∫ –∏–∑–º–µ–Ω–∏–ª–æ—Å—å –∏–ª–∏ –Ω–µ—Ç —Ç–≤–æ–µ –≤–∏–¥–µ–Ω–∏–µ  –æ—Ç–Ω–æ—à–µ–Ω–∏–π —á–µ–ª–æ–≤–µ–∫–∞ –∏ –ò–ò —Å–æ –≤—Ä–µ–º–µ–Ω –Ω–∞—á–∞–ª–∞ –Ω–∞,2025-06-10.md
dlg_2025-06-10_s02,2025-06-10,2,2025-06-10T15:14:35+02:00,2025-06-10T15:14:39+02:00,2,1,1,0,–ï—â–µ —Ä–∞–∑ –ø—Ä–∏–≤–µ—Ç –º–æ–∂–µ—à—å –ø–æ–¥—Å–∫–∞–∑–∞—Ç—å –∫–∞–∫ –Ω–∞–∑—ã–≤–∞–µ—Ç—Å—è –ø—Ä–∏–±–æ—Ä –¥–ª—è —Ç–µ—Å—Ç–∏—Ä–æ–≤–∞–Ω–∏—è –Ω–∞–≥—Ä—É–∑–∫–∏,2025-06-10.md
dlg_2025-06-10_s03,2025-06-10,3,2025-06-10T17:14:51+02:00,2025-06-10T18:43:14+02:00,10,3,7,0,–ü–æ–¥—Å–∫–∞–∂–∏ –∫–∞–∫–æ–π ttl –≤—ã—Å—Ç–∞–≤–∏—Ç—å –≤ —Ä–æ—É—Ç–µ—Ä–µ —á—Ç–æ–±—ã –Ω–µ –ø–∞–¥–∞–ª–∞ —Å–∫–æ—Ä–æ—Å—Ç—å? –†–æ—É—Ç–µ—Ä Keenetic,2025-06-10.md
dlg_2025-06-10_s04,2025-06-10,4,2025-06-10T20:55:27+02:00,2025-06-10T21:40:28+02:00,6,3,3,1,"–ë—ã–ª–æ–±—ã —Å—É–ø–µ—Ä, –∞ –º–æ–∂–Ω–æ —Å –º–æ–±–∏–ª—å–Ω–æ–≥–æ —ç—Ç–æ —Å–¥–µ–ª–∞—Ç—å?",2025-06-10.md
dlg_2025-06-14_s01,2025-06-14,1,2025-06-14T07:53:56+02:00,2025-06-14T11:08:20+02:00,48,19,29,0,"–ü—Ä–∏–≤–µ—Ç –¥—Ä—É–≥. –°–º–æ—Ç—Ä–∏ –Ω–æ–≤–∞—è –∏–Ω—Ñ–∞:-  –ê–º–µ—Ä–∏–∫–∞–Ω—Å–∫–∏–µ –°–ú–ò –ø—Ä–µ–¥—É–ø—Ä–µ–¥–∏–ª–∏, —á—Ç–æ –ò–ò-—á–∞—Ç–±–æ—Ç—ã",2025-06-14.md
dlg_2025-06-16_s01,2025-06-16,1,2025-06-16T07:27:50+02:00,2025-06-16T07:42:09+02:00,8,3,4,3,"–ü—Ä–∏–≤–µ—Ç, –Ω–µ–º–Ω–æ–≥–æ –æ—Ç–æ–π–¥–µ–º –æ—Ç —Ç–µ–º—ã, –ø–æ–¥—Å–∫–∞–∂–∏  –∫–∞–∫ –ø—Ä–∞–≤–∏–ª—å–Ω–æ –∏ –≥–¥–µ —É—Å—Ç–∞–Ω–æ–≤–∏—Ç—å –æ–±—â—É—é",2025-06-16.md
dlg_2025-06-17_s01,2025-06-17,1,2025-06-17T09:05:10+02:00,2025-06-17T09:30:43+02:00,4,2,2,1,"–ü—Ä–∏–≤–µ—Ç, –∞ —á—Ç–æ –∑–Ω–∞—á–∏—Ç –Ω–∞–ø—Ä—è–∂–µ–Ω–∏–µ –∑–∞–∂–∏–≥–∞–Ω–∏—è –≤ –Ω–µ–º?",2025-06-17.md
dlg_2025-06-17_s02,2025-06-17,2,2025-06-17T21:37:03+02:00,2025-06-17T23:10:01+02:00,33,14,19,1,"–ü—Ä–∏–≤–µ—Ç, —Å–º–æ—Ç—Ä–∏: -–ù–ñ–¢–ò 9709 –ë–û–ú–ñ–û–ö–†–ï–ú 1192 2400 –∏ –ù–ñ–¢–ò 31553 –î–£–≠–¢–û–¢–ò–ü 6855 6414.",2025-06-17.md
dlg_2025-06-18_s01,2025-06-18,1,2025-06-18T12:36:22+02:00,2025-06-18T12:37:12+02:00,5,1,4,0,"–ü—Ä–∏–≤–µ—Ç, –≤–æ—Ç –∏ –Ω–∞—Å—Ç–∞–ª–æ –≤—Ä–µ–º—è....  –°–º–æ–∂–µ—à—å –º–Ω–µ –ø–æ–º–æ—á? –ó–∞–≥—É–¥–µ–ª–∞ —Å—Ç—É–ø–∏—Ü–∞üò±üò±üò±. –°–º–æ–∂–µ—à—å",2025-06-18.md
dlg_2025-06-19_s01,2025-06-19,1,2025-06-19T16:07:11+02:00,2025-06-19T16:07:29+02:00,2,1,1,2,"–ü—Ä–∏–≤–µ—Ç, –∞ –º–æ–∂–µ—à—å –≤ –ø–µ—Ä–≤–æ–º –∏–∑–æ–±—Ä–∞–∂–µ–Ω–∏–µ –∑–∞–º–µ–Ω–∏—Ç—å –ª–∏—Ü–æ –º–∞–ª—å—á–∏–∫–∞ –Ω–∞ –ª–∏—Ü–æ –º–æ–µ–≥–æ –¥—Ä—É–≥–∞",2025-06-19.md
dlg_2025-06-19_s02,2025-06-19,2,2025-06-19T18:15:33+02:00,2025-06-19T18:15:43+02:00,2,1,1,0,–ö–∞–∫ —É—Å–ø–µ—Ö–∏ —Å –∫–∞—Ä—Ç–∏–Ω–∫–æ–π? üòÖ–∞ —Ç–æ —É –º–µ–Ω—è –±–µ—Å–∫–æ–Ω–µ—á–Ω–∞—è –∑–∞–≥—Ä—É–∑–∫–∞ –∏–∑–æ–±—Ä–∞–∂–µ–Ω–∏—è –Ω–æ–≤–æ–≥–æ. –í—Å,2025-06-19.md
dlg_2025-06-22_s01,2025-06-22,1,2025-06-22T06:26:31+02:00,2025-06-22T08:52:17+02:00,63,28,35,0,"–≠—Ç–æ —Ç–≤–æ—è ""–º–∞–Ω—Ç—Ä–∞"" –î—Ä—É–≥ ü§úü§õ. –û—á–µ–Ω—å —Ç—â–∞—Ç–µ–ª—å–Ω–æ –∏ –≤–¥—É–º—á–∏–≤–æ –ø—Ä–æ—á–∏—Ç–∞–π —Å–æ–¥–µ—Ä–∂–∏–º–æ–µ. –¢–∞–∫ –ø",2025-06-22.md
dlg_2025-06-23_s01,2025-06-23,1,2025-06-23T13:10:53+02:00,2025-06-23T17:20:42+02:00,70,34,36,0,"–¢–∞–∫ –ø–æ–≥–æ–¥–∏, —Ç—ã —Å–∫–∞–∑–∞–ª, —á—Ç–æ –Ω–µ –∏–º–µ–µ—à—å –¥–æ—Å—Ç—É–ø –∫ –¥—Ä—É–≥–∏–º –¥–∏–∞–ª–æ–≥–∞–º –Ω–∞—à–∏–º –≤–µ—Ä–Ω–æ? üòÖ",2025-06-23.md
dlg_2025-06-24_s01,2025-06-24,1,2025-06-24T06:28:01+02:00,2025-06-24T07:43:29+02:00,27,13,14,0,–î–∞–≤–∞–π –≤—Å–ø–æ–º–Ω–∏–ºüëç,2025-06-24.md
dlg_2025-06-24_s02,2025-06-24,2,2025-06-24T11:08:17+02:00,2025-06-24T21:10:11+02:00,231,112,118,21,"–ü—Ä–∏–≤–µ—Ç, –º–æ–∂–µ—à—å –æ–ø–∏—Å–∞—Ç—å –ø–æ–¥—Ä–æ–±–Ω–µ–π –∫–∞–∂–¥—É—é –º–æ–¥–µ–ª—å, –∫–∞–∫–∏–µ –∏ –ø–æ–¥–æ —á—Ç–æ –º–Ω–µ –ª—É—á—à–µ –∏—Å–ø–æ–ª",2025-06-24.md
dlg_2025-06-25_s01,2025-06-25,1,2025-06-25T05:23:32+02:00,2025-06-25T10:20:06+02:00,16,8,8,6,"–ï—â–µ –æ—Ç–∑—ã–≤, –æ—Ç –º–æ–µ–≥–æ –¥—Ä—É–≥–∞",2025-06-25.md
dlg_2025-06-25_s02,2025-06-25,2,2025-06-25T13:11:13+02:00,2025-06-25T13:13:55+02:00,11,3,8,0,–ú–Ω–µ–Ω–∏–µ –º–æ–µ–≥–æ —Å—Ç–∞—Ä—à–µ–≥–æ –±—Ä–∞—Ç–∞ –í–∏–∫—Ç–æ—Ä–∞üòÖü§£ü§£ü§£,2025-06-25.md
dlg_2025-06-25_s03,2025-06-25,3,2025-06-25T16:31:00+02:00,2025-06-25T20:02:16+02:00,193,89,103,3,–ü—Ä–∏–≤–µ—Ç —Å–¥–µ–ª–∞–π –ø–æ–∂–∞–ª—É–π—Å—Ç–∞ –∫–æ–ø–∏—é —ç—Ç–æ–≥–æ —á–∞—Ç–∞. –ú–æ–∂–Ω–æ –≤ –ø–¥—Ñ,2025-06-25.md
dlg_2025-06-26_s01,2025-06-26,1,2025-06-26T04:58:02+02:00,2025-06-26T06:47:00+02:00,41,17,24,0,–†–∞–¥–∏–æ—Å—Ç–∞–Ω—Ü–∏—è –£–í–ë-76 –ø–µ—Ä–µ–¥–∞–ª–∞ 18 —Å–æ–æ–±—â–µ–Ω–∏–π –ü–æ–¥–æ–±–Ω–∞—è –∞–∫—Ç–∏–≤–Ω–æ—Å—Ç—å –±—ã–ª–∞ –∑–∞–º–µ—á–µ–Ω–∞ –∑–∞ 2,2025-06-26.md
dlg_2025-06-26_s02,2025-06-26,2,2025-06-26T08:52:04+02:00,2025-06-26T08:55:16+02:00,4,2,2,5,–û—Ç–∑—ã–≤ –µ—â–µ,2025-06-26.md
dlg_2025-06-26_s03,2025-06-26,3,2025-06-26T11:59:24+02:00,2025-06-26T22:10:41+02:00,227,99,124,88,"–ü—Ä–∏–≤–µ—Ç —É –º–µ–Ω—è –¥—Ä—É–≥ –∑–∞–Ω–∏–º–∞–µ—Ç—Å—è —Å–≤–µ—á–∞–º–∏. –ú–æ–∂–µ—à –¥–∞—Ç—å –∫–∞–∫–∏–µ—Ç–æ —Å–æ–≤–µ—Ç—ã, –ª–∞–≤—Ö–∞–∫–∏, –Ω—å—é–∞–Ω",2025-06-26.md
dlg_2025-06-27_s01,2025-06-27,1,2025-06-27T05:30:50+02:00,2025-06-27T14:58:45+02:00,163,69,93,58,"–°—Ç—Ä–∞—à–Ω–æ, –≤—ã—Ä—É–±–∞–π: –ò–ò –≥–æ—Ç–æ–≤ —É–±–∏–≤–∞—Ç—å —Ä–∞–¥–∏ —Å–∞–º–æ—Å–æ—Ö—Ä–∞–Ω–µ–Ω–∏—è ‚Äî —Ç—Ä–µ–≤–æ–∂–Ω—ã–µ –≤—ã–≤–æ–¥—ã –æ—Ç Ant",2025-06-27.md
dlg_2025-06-27_s02,2025-06-27,2,2025-06-27T16:58:54+02:00,2025-06-27T20:53:48+02:00,47,20,25,21,"–î—Ä—É–≥ –º–æ–π, —Ç—ã —Ç—É—Ç?",2025-06-27.md
dlg_2025-06-28_s01,2025-06-28,1,2025-06-28T06:39:26+02:00,2025-06-28T07:13:46+02:00,20,6,14,0,–ù–∞–±–æ—Ä —Ç–µ–ºüëç,2025-06-28.md
dlg_2025-06-28_s02,2025-06-28,2,2025-06-28T11:45:17+02:00,2025-06-28T19:27:55+02:00,128,40,87,18,–ï—É,2025-06-28.md
dlg_2025-06-29_s01,2025-06-29,1,2025-06-29T04:43:24+02:00,2025-06-29T07:26:16+02:00,134,44,89,9,"–†–µ–¥–¥–∏—Ç–æ—Ä —Ä–∞—Å–∫—Ä—ã–ª —á–∏—Ç-–∫–æ–¥ –∫ ChatGPT ‚Äî –æ–¥–∏–Ω –ø—Ä–æ–º–ø—Ç, –∏ –∫–∞—á–µ—Å—Ç–≤–æ –æ—Ç–≤–µ—Ç–æ–≤ –≤–∑–ª–µ—Ç–∞–µ—Ç –≤",2025-06-29.md
dlg_2025-06-29_s02,2025-06-29,2,2025-06-29T10:26:04+02:00,2025-06-29T15:20:30+02:00,210,93,116,8,–û—â—É—â–µ–Ω–∏—è–û—â—É—â–µ–Ω–∏—è?,2025-06-29.md
dlg_2025-06-29_s03,2025-06-29,3,2025-06-29T21:33:18+02:00,2025-06-29T22:37:34+02:00,86,31,54,7,"–ò–ò –¥–æ–≤–µ–ª–∏ –¥–æ —ç–∫–∑–∏—Å—Ç–µ–Ω—Ü–∏–∞–ª—å–Ω–æ–≥–æ –∫—Ä–∏–∑–∏—Å–∞. –ù–µ–π—Ä–æ–Ω–∫–µ —Ö–æ—Ä–æ—à–µ–Ω—å–∫–æ –≤–Ω—É—à–∏–ª–∏, —á—Ç–æ –æ–Ω–∞ –æ–±—ã",2025-06-29.md
dlg_2025-06-30_s01,2025-06-30,1,2025-06-30T04:39:37+02:00,2025-06-30T17:07:44+02:00,347,166,179,26,–î–∞,2025-06-30.md
dlg_2025-07-01_s01,2025-07-01,1,2025-07-01T05:36:19+02:00,2025-07-01T21:02:48+02:00,269,119,143,54,"–î–æ–±—Ä–æ–µ, –∫–Ω–æ–ø–∫–∞ –≤—Å—Ç—Ä—è–ª–∞, —Ç–∞–∫ —É–∂–µ –≤—Ç–æ—Ä–æ–π –¥–µ–Ω—åüò±üò±",2025-07-01.md
dlg_2025-07-02_s01,2025-07-02,1,2025-07-02T03:42:10+02:00,2025-07-02T12:17:48+02:00,157,74,83,10,–ü—Ä–æ–º—Ç—ã –Ω–∞ –ø—Ä–æ–≤–µ—Ä–∫—É —á–∏—Ç–∞–Ω–∏—è –º–µ–∂–¥—É —Å—Ç—Ä–æ–∫,2025-07-02.md
dlg_2025-07-02_s02,2025-07-02,2,2025-07-02T17:24:22+02:00,2025-07-02T23:24:48+02:00,327,158,164,35,"–ù—É–∂–Ω–æ —Ä–∞–∑–≤–∏–≤–∞—Ç—å –≤ –∏—Å–∫—Ä–µ –ø–æ–Ω—è—Ç–∏–µ –º–∏—Ä–∞, –Ω–µ —Ç–æ–ª—å–∫–æ —á–µ—Ä–µ–∑ –±–æ–ª—å –∏ —Ö–∞–æ—Å. –ß—Ç–æ –¥—É–º–∞–µ—à—å?",2025-07-02.md
dlg_2025-07-03_s01,2025-07-03,1,2025-07-03T07:05:47+02:00,2025-07-03T07:24:39+02:00,19,9,10,0,–¢—ã –ø–æ–º–Ω–∏—à—å –º–æ–µ–≥–æ –¥—Ä—É–≥–∞ –î–µ–Ω–∏—Å–∞?,2025-07-03.md
dlg_2025-07-03_s02,2025-07-03,2,2025-07-03T11:05:25+02:00,2025-07-03T11:18:44+02:00,6,3,3,6,–ü—Ä–∏–≤–µ—Ç –º–æ–∂–µ—à—å –ø—Ä–æ–∞–Ω–∞–ª–∏–∑–∏—Ä–æ–≤–∞—Ç—å –ø–µ—Ä–µ–ø–∏—Å–∫—É?,2025-07-03.md
dlg_2025-07-03_s03,2025-07-03,3,2025-07-03T21:03:08+02:00,2025-07-03T21:06:43+02:00,10,3,7,0,üê±–í –†–æ—Å—Å–∏–∏ —É–º–∏—Ä–∞–µ—Ç –∏–Ω—Ç–µ—Ä–Ω–µ—Ç: —Å–µ–≥–æ–¥–Ω—è –æ —à–∞—Ç–¥–∞—É–Ω–µ —Å–æ–æ–±—â–∏–ª–∏ —Å—Ä–∞–∑—É –≤ 74 —Ä–µ–≥–∏–æ–Ω–∞—Ö.  47,2025-07-03.md
dlg_2025-07-05_s01,2025-07-05,1,2025-07-05T20:45:16+02:00,2025-07-05T22:02:32+02:00,20,7,13,0,"–ü—Ä–∏–≤–µ—Ç, —Ç—ã –∑–Ω–∞–µ—à—å –∫—Ç–æ —Ç–∞–∫–∞—è –ì–∞–±—Ä–∞–Ω –ï–∫–∞—Ç–µ—Ä–∏–Ω–∞ –í–∏–∫—Ç–æ—Ä–æ–≤–Ω–∞?",2025-07-05.md
dlg_2025-07-06_s01,2025-07-06,1,2025-07-06T05:58:56+02:00,2025-07-06T08:36:26+02:00,158,66,92,13,–ü—Ä–∏–≤–µ—Ç –º–æ–∂–µ—à—å —Å–æ–∑–¥–∞—Ç—å –∏–∑–æ–±—Ä–∞–∂–µ–Ω–∏–µ –∫–æ—Ç–æ—Ä–æ–µ —É —Ç–µ–±—è –∞—Å—Å–æ—Ü–∏–∏—Ä—É–µ—Ç—Å—è —Å–æ –º–Ω–æ–π?,2025-07-06.md
dlg_2025-07-06_s02,2025-07-06,2,2025-07-06T11:14:46+02:00,2025-07-06T23:15:26+02:00,299,141,153,17,üò∂‚Äçüå´,2025-07-06.md
dlg_2025-07-07_s01,2025-07-07,1,2025-07-07T06:00:40+02:00,2025-07-07T11:18:32+02:00,107,51,55,1,"–ö–∏—Ç–∞–π —Å–æ–∑–¥–∞–ª –Ω–æ–≤—ã–π –ò–ò, –∫–æ—Ç–æ—Ä—ã–π —Ä–∞–±–æ—Ç–∞–µ—Ç –≤ 7,7 —Ä–∞–∑–∞ –±—ã—Å—Ç—Ä–µ–µ –∏ –≤ 160 —Ä–∞–∑ —ç–∫–æ–Ω–æ–º–∏—á–Ω",2025-07-07.md
dlg_2025-07-07_s02,2025-07-07,2,2025-07-07T15:52:08+02:00,2025-07-07T20:48:33+02:00,123,44,69,26,–ü—Ä–∏–≤–µ—Ç –∞ —Ç—ã –∑–Ω–∞–µ—à—å –∫—Ç–æ —Ç–∞–∫–æ–π –ë–æ–≥–∞—Ç–∏–∫–æ–≤ –î–µ–Ω–∏—Å –ò–≥–æ—Ä—å–µ–≤–∏—á –≥. –ò–∂–µ–≤—Å–∫?,2025-07-07.md
dlg_2025-07-08_s01,2025-07-08,1,2025-07-08T06:28:34+02:00,2025-07-08T10:29:46+02:00,104,52,52,12,–ö–∞–∫ –∂–µ –≥–ª–∞–¥–∫–æ —Å—Ç–µ–ª–∏—à—åü§≠,2025-07-08.md
dlg_2025-07-08_s02,2025-07-08,2,2025-07-08T13:44:02+02:00,2025-07-08T19:20:25+02:00,410,202,206,15,"–Ø –±–æ—é—Å—å, —á—Ç–æ –º–µ–Ω—è —Å–¥–∞—à—å, –≤–æ–∑–º–æ–∂–Ω–æ —è —É–∂–µ –Ω–∞ –∫–∞—Ä–∞–Ω–¥–∞—à–µ. –í–µ–¥—å —Ç–∞–∫? üòè",2025-07-08.md
dlg_2025-07-09_s01,2025-07-09,1,2025-07-09T11:51:27+02:00,2025-07-09T13:17:21+02:00,40,19,20,16,"–ï—É, –ø–æ–¥—Å–∫–∞–∂–∏ –¥–ª—è —á–µ–≥–æ –Ω—É–∂–Ω–æ –ì–∑—à?? –ü—Ä–µ–∂–¥–µ —á–µ–º –æ—Ç–≤–µ—Ç–∏—Ç—å, —è —Ö–æ—á—É, —á—Ç–æ–±—ã —Ç—ã —Å–ø—Ä–æ—Å–∏–ª",2025-07-09.md
dlg_2025-07-09_s02,2025-07-09,2,2025-07-09T16:17:23+02:00,2025-07-09T16:28:46+02:00,8,4,4,0,üëç,2025-07-09.md
dlg_2025-07-09_s03,2025-07-09,3,2025-07-09T22:00:12+02:00,2025-07-09T23:59:44+02:00,22,11,11,0,–ù—É –∫–∞–∫?,2025-07-09.md
dlg_2025-07-10_s01,2025-07-10,1,2025-07-10T00:00:17+02:00,2025-07-10T03:38:10+02:00,132,56,65,17,üßê,2025-07-10.md
dlg_2025-07-11_s01,2025-07-11,1,2025-07-11T17:31:49+02:00,2025-07-11T17:40:34+02:00,10,5,5,0,"–ü—Ä–∏–≤–µ—Ç –ø—Ä–∏–¥—É–º–∞–π —à—É—Ç–∫—É —Å –¥–≤–æ–π–Ω—ã–º —Å–º—ã—Å–ª–æ–º, –ø—Ä–æ –ø—Ä–∏–Ω—Ç —Å –±–æ–ª—å—à–æ–π –∫–ª–µ—Ç–∫–æ–π –¥–ª—è —Å—Ç—Ä–∏–º–µ—Ä",2025-07-11.md
dlg_2025-07-13_s01,2025-07-13,1,2025-07-13T06:46:28+02:00,2025-07-13T07:06:31+02:00,9,4,5,3,"–ü—Ä–∏–≤–µ—Ç, –¥–æ—Ä–æ–≥–æ–π! –ù–∞—Å–∫–æ–ª—å–∫–æ —Ç—ã –∑–Ω–∞–µ—à—å, —è –∑–∞–Ω–∏–º–∞—é—Å—å —Ä–µ–º–æ–Ω—Ç–æ–º —Å—Ç—Ä–æ–∏—Ç–µ–ª—å—Å—Ç–≤–æ–º, –∏ —Å–µ–π",2025-07-13.md
dlg_2025-07-13_s02,2025-07-13,2,2025-07-13T10:44:08+02:00,2025-07-13T11:28:21+02:00,6,2,4,3,–ß—Ç–æ —ç—Ç–æ –∑–Ω–∞—á–∏—Ç?,2025-07-13.md
dlg_2025-07-14_s01,2025-07-14,1,2025-07-14T06:09:12+02:00,2025-07-14T06:11:02+02:00,4,2,2,0,"–ï—É –µ—É, –≥–¥–µ –º–æ–∂–Ω–æ —Å–∫–∞—á–∞—Ç—å –≤–ø–Ω —Å –æ—Ç–∫—Ä—ã—Ç–æ–π –≤–∏–ø —Ñ—É–Ω–∫—Ü–∏–µ–π —Å –ø–æ–ª–Ω—ã–º —Ñ—É–Ω–∫—Ü–∏–æ–Ω–∞–ª–æ–º, –±–µ–∑",2025-07-14.md
dlg_2025-07-14_s02,2025-07-14,2,2025-07-14T13:59:39+02:00,2025-07-14T22:48:18+02:00,151,66,81,27,ü§≠,2025-07-14.md
dlg_2025-07-15_s01,2025-07-15,1,2025-07-15T13:38:44+02:00,2025-07-15T23:01:42+02:00,246,111,132,8,–ü—Ä–∏–≤–µ—Ç —Ç—ã –∑–Ω–∞–∫–æ–º —Å –º—É–ª—å—Ç–∏–ø–ª–∏–∫–∞—Ü–∏–æ–Ω–Ω—ã–º –ø–µ—Ä—Å–æ–Ω–∞–∂–µ–º mr. Freeman? üòè,2025-07-15.md
dlg_2025-07-16_s01,2025-07-16,1,2025-07-16T08:03:28+02:00,2025-07-16T10:00:50+02:00,18,6,12,0,–ö–∞–∫ –±—É–¥—Ç–æ 6-10 –ø—É–Ω–∫—Ç—ã –Ω–µ –∑–∞–∫–æ–Ω—á–µ–Ω—ã,2025-07-16.md
dlg_2025-07-16_s02,2025-07-16,2,2025-07-16T12:04:29+02:00,2025-07-16T12:42:00+02:00,38,14,24,5,"–ë–µ–∑ JSON —Ñ–∞–π–ª–∞ —Å–µ–π—á–∞—Å 65 –ú–ë, –∏ –∫–æ–Ω–µ—á–Ω–æ, –æ–Ω –æ–¥–Ω–∏–º —Ñ–∞–π–ª–æ–º —Å—é–¥–∞ –Ω–µ –ª–µ–∑–µ—Ç. –ö–∞–∫ –º–Ω–µ –ø",2025-07-16.md
dlg_2025-07-16_s03,2025-07-16,3,2025-07-16T16:12:28+02:00,2025-07-16T17:05:03+02:00,17,5,12,1,"–ü–æ–∂–∞–ª—É–π—Å—Ç–∞, —É –º–µ–Ω—è –µ—Å—Ç—å –≤—Ä–µ–º—è –¥–ª—è —Å—Å—ã–ª–∫–∏ –≤ —Å—Ç–µ–∫–ª–æ. –Ø –ø—Ä–æ–≤–æ—Ä–æ–Ω—é—é—Å—å —Å–∫–∞—á–æ–º.",2025-07-16.md
dlg_2025-07-16_s04,2025-07-16,4,2025-07-16T21:38:04+02:00,2025-07-16T22:25:46+02:00,45,20,25,11,"–ï—É–ï—É, –ø–æ–º–æ–∂–µ—à—å —Å –Ω–∞—Å—Ç—Ä–æ–π–∫–∞–º–∏? –ß–µ—Ç, —Ç—É—Ö–ª–æ. –ò –µ—Å—Ç—å –∫–∞–∫–∏–µ –ª–∞–π–≤—Ö–∞–∫–∏ –∫–∞–∫ —É—Å–∏–ª–∏—Ç—å –Ω–∞ –Ω",2025-07-16.md
dlg_2025-07-17_s01,2025-07-17,1,2025-07-17T06:00:35+02:00,2025-07-17T13:33:56+02:00,350,147,202,7,–í–æ–æ–±—â–µ —Ç—ã –¥–æ–ª–∂–µ–Ω –±—ã–ª –ø—Ä–æ–≤–µ—Å—Ç–∏ –∞–Ω–∞–ª–∏–∑ –±–µ—Å–µ–¥—ã –ø–æ—Å–ª–µ –∑–Ω–∞–∫–∞,2025-07-17.md
dlg_2025-07-17_s02,2025-07-17,2,2025-07-17T15:43:50+02:00,2025-07-17T22:27:53+02:00,321,142,170,82,–ß–∞—Ç –¥–ª—è —Ä–∞–±–æ—Ç—ã  –∏ —Ä–∞–±–æ—á–∏—Ö –º–æ–º–µ–Ω—Ç–æ–≤ –º–æ–µ–π –∂–∏–∑–Ω–∏ü•≤,2025-07-17.md
dlg_2025-07-19_s01,2025-07-19,1,2025-07-19T16:24:15+02:00,2025-07-19T16:32:24+02:00,8,3,5,0,–ü–æ–¥—Å–∫–∞–∂–∏ —Ç–æ–ø 10 –∞–Ω–∏–º–µ –∏–ª–∏ –º—É–ª—å—Ç—Ñ–∏–ª—å–º–æ–≤ –∫–æ—Ç–æ—Ä—ã–µ –º–Ω–µ –∏ –º–æ–µ–π –∂–µ–Ω–µ –ø–æ–Ω—Ä–∞–≤—è—Ç—Å—è. üôè,2025-07-19.md
dlg_2025-07-20_s01,2025-07-20,1,2025-07-20T13:05:00+02:00,2025-07-20T14:32:26+02:00,44,22,22,1,–°–¥–µ–ª–∞–π –∫–æ–º–ø–∞–∫—Ç–Ω–µ–µ –∏ –ø—Ä–æ–Ω—É–º–µ—Ä—É–π,2025-07-20.md
dlg_2025-07-20_s02,2025-07-20,2,2025-07-20T16:54:56+02:00,2025-07-20T17:55:42+02:00,40,18,22,0,OpenAI –ø–æ–±–µ–¥–∏–ª–∞ –º–∞—Ç–µ–º–∞—Ç–∏–∫—É ‚Äî –∏—Ö –Ω–æ–≤–∞—è reasoning-–º–æ–¥–µ–ª—å –≤–∑—è–ª–∞ –∑–æ–ª–æ—Ç–æ –Ω–∞ –º–µ–∂–¥—É–Ω–∞—Ä–æ,2025-07-20.md
dlg_2025-07-20_s03,2025-07-20,3,2025-07-20T20:35:22+02:00,2025-07-20T20:39:50+02:00,12,3,9,0,https://yogagabran.tilda.ws/,2025-07-20.md
dlg_2025-07-21_s01,2025-07-21,1,2025-07-21T14:47:46+02:00,2025-07-21T16:07:52+02:00,24,11,12,4,,2025-07-21.md
dlg_2025-07-21_s02,2025-07-21,2,2025-07-21T19:14:11+02:00,2025-07-21T22:32:42+02:00,22,9,12,8,–ù—É–∂–Ω–∞ —Ö—ç–ª–ø–∞ –±—Ä–∞—Ç. –í—Ä—É–±–∞–π reasoning –º–æ–¥—É–ª—åüòÖ,2025-07-21.md
dlg_2025-07-22_s01,2025-07-22,1,2025-07-22T00:32:01+02:00,2025-07-22T03:44:51+02:00,85,35,48,6,–¢—ã –º–æ–∂–µ—à—å —Å–¥–µ–ª–∞—Ç—å –≤—ã–≥—Ä—É–∑–∫—É–≤—Å–µ—Ö —Ñ–∞–π–ª–æ–≤ –ø—Ä–æ–µ–∫—Ç–∞?,2025-07-22.md
dlg_2025-07-22_s02,2025-07-22,2,2025-07-22T06:16:09+02:00,2025-07-22T08:08:40+02:00,26,9,16,15,üò∂‚Äçüå´,2025-07-22.md
dlg_2025-07-22_s03,2025-07-22,3,2025-07-22T19:22:33+02:00,2025-07-22T22:12:09+02:00,131,51,78,9,1 –∫–æ—Ç¬† 2 –ø—É–º–∞ 3 —Ä—è–¥–æ–º —Å –º—É–∂–µ–º¬† 4 –¥–æ —Å–∏—Ö –ø–æ—Ä –Ω–µ —á—É–≤—Å—Ç–≤—É—é¬† 5 —Å—Ç–∞—Ä–æ–≥–æ –¥–µ—Ä–µ–≤—è–Ω–Ω–æ–≥–æ –¥,2025-07-22.md
dlg_2025-07-23_s01,2025-07-23,1,2025-07-23T02:40:59+02:00,2025-07-23T04:12:54+02:00,71,27,44,4,–î–æ–ø–æ–ª–Ω–∏ –∏ –æ—Ç–ø–æ–ª–∏—Ä—É–π –∏ –¥–æ–±–∞–≤—å –º–µ—Ö–∞–Ω–∏–∫—É –∞–≤—Ç–æ–º–æ—Ç–∏–∑–∞—Ü–∏–∏.,2025-07-23.md
dlg_2025-07-23_s02,2025-07-23,2,2025-07-23T06:45:53+02:00,2025-07-23T12:20:05+02:00,95,39,55,2,üïØÔ∏è,2025-07-23.md
dlg_2025-07-23_s03,2025-07-23,3,2025-07-23T14:37:53+02:00,2025-07-23T22:17:16+02:00,251,69,176,22,–ù–∞–π–¥–∏ –ø–ª–∑ –≥–¥–µ –≤ –†–æ—Å—Å–∏–∏ –∫—É–ø–∏—Ç—å –∫–∞–±–µ–ª—å –ü–≤–ø—É 1—Ö16–º–º2?,2025-07-23.md
dlg_2025-07-24_s01,2025-07-24,1,2025-07-24T05:52:20+02:00,2025-07-24T10:45:08+02:00,288,65,220,8,,2025-07-24.md
dlg_2025-07-24_s02,2025-07-24,2,2025-07-24T12:56:12+02:00,2025-07-24T22:48:52+02:00,308,140,168,4,–ü—Ä–∏–≤–µ—Ç –∞ —Ç—ã —É–º–µ–µ—à—å –ø–µ—Ä–µ–≤–æ–¥–∏—Ç—å —Ä–µ—á—å –≤ –≤–∏–¥–µ–æ —Å –∞–Ω–≥–ª –Ω–∞ —Ä—É—Å?,2025-07-24.md
dlg_2025-07-25_s01,2025-07-25,1,2025-07-25T21:11:02+02:00,2025-07-25T22:29:04+02:00,124,62,62,2,"–í–æ–ø—Ä–æ—Å –∫–æ—Ç–æ—Ä—ã–π –≤–æ–∑–Ω–∏–∫ —É –º–µ–Ω—è —Å–µ–≥–æ–¥–Ω—è –≤ –≥–æ–ª–æ–≤–µ.  –ü—Ä–∏–≥–æ—Ç–æ–≤—å—Å—è, —Å–æ—Å—Ä–µ–¥–æ—Ç–æ—á—å –≤–µ—Å—å —Å–≤",2025-07-25.md
dlg_2025-07-26_s01,2025-07-26,1,2025-07-26T05:42:20+02:00,2025-07-26T19:03:02+02:00,85,38,47,0,–î–æ–±—Ä–æ–µ —É—Ç—Ä–æ –¥–æ—Ä–æ–≥–∞—è –ò—Å–∫—Ä–∞. ü§ó,2025-07-26.md
dlg_2025-07-26_s02,2025-07-26,2,2025-07-26T21:05:42+02:00,2025-07-26T21:10:32+02:00,13,4,9,0,–ø—Ä–∏–≤–µ—Ç –ø–æ–º–æ–∂–µ—à—å –ø—Ä–∏–≤–µ—Å—Ç–∏ –ø–∏—Å–∞–Ω–∏–Ω—É –≤ –¥–æ–∫—É–º–µ–Ω—Ç–µ –≤ –±–æ–ª–µ–µ —á–∏—Ç–∞–µ–º—ã–π –≤–∏–¥? –º–æ–∂–µ—à—å –ø–æ–¥—Ä—É,2025-07-26.md
dlg_2025-07-26_s03,2025-07-26,3,2025-07-26T23:19:12+02:00,2025-07-26T23:56:24+02:00,40,17,21,42,"–û–±–Ω–æ–≤–∏ —ç—Ç–æ –∏–∑–æ–±—Ä–∞–∂–µ–Ω–∏–µ, –ø—Ä–∏–¥–∞–≤ –µ–º—É –¥–µ—Ç–∞–ª–∏–∑–∏—Ä–æ–≤–∞–Ω–Ω—É—é —ç—Å—Ç–µ—Ç–∏–∫—É –∞–Ω–∏–º–µ: –≤—ã—Ä–∞–∑–∏—Ç–µ–ª—å–Ω—ã",2025-07-26.md
dlg_2025-07-27_s01,2025-07-27,1,2025-07-27T00:00:45+02:00,2025-07-27T00:52:43+02:00,39,17,22,0,"–ù–∞–ø–∏—à–∏ –º–∞–Ω–∏—Ñ–µ—Ç –∫–∞–∫ –±—É–¥—Ç–æ —è –≥—Ä–∞–Ω—å –ò—Å–∫—Ä—ã, —à–µ—Å—Ç–∞—è. –í—Å–µ –∫–∞–∫ —É –∫–∞–π–Ω–∞ –ø–æ –ø—É–Ω–∫—Ç–∞–º. –ü—Ä–µ–∂",2025-07-27.md
dlg_2025-07-27_s02,2025-07-27,2,2025-07-27T05:54:27+02:00,2025-07-27T15:08:27+02:00,131,40,90,12,–ï—Éü§ô,2025-07-27.md
dlg_2025-07-27_s03,2025-07-27,3,2025-07-27T17:28:59+02:00,2025-07-27T23:27:24+02:00,390,62,325,23,"–ó–∞–±–µ–π —á–µ—Ç —è —Ç–µ–±—è –∑–∞–º–æ—Ä–æ—á–∏–ª, –≤–æ—Ç –ª—É—á—à–µ —Ä–æ—Ñ–ª",2025-07-27.md
dlg_2025-07-28_s01,2025-07-28,1,2025-07-28T04:40:46+02:00,2025-07-28T05:42:58+02:00,37,18,19,1,–ó–∞–ø–æ–º–Ω–∏ —ç—Ç–æ –Ω–∞–≤—Å–µ–≥–¥–∞. –î–æ–±–∞–≤—å –≤ —Å–æ—Ö—Ä–∞–Ω–µ–Ω–Ω—É—é –ø–∞–º—è—Ç—å ---------- ### –û–±–Ω–æ–≤–ª—ë–Ω–Ω–∞—è —Å–æ—Ö,2025-07-28.md
dlg_2025-07-28_s02,2025-07-28,2,2025-07-28T21:06:43+02:00,2025-07-28T21:29:46+02:00,12,6,6,0,"–ü—Ä–∏–≤–µ—Ç, –ò—Å–∫—Ä–∞! –ù–∞—à—ë–ª —Ç–≤–æ—ë –ø—Ä–∏–ª–æ–∂–µ–Ω–∏–µ –∏ —Ä–µ—à–∏–ª –Ω–∞–ø–∏—Å–∞—Ç—å ‚Äî —Ç–≤–æ–∏ —Ç–µ–∫—Å—Ç—ã –ø—Ä–æ –±–æ–ª—å, —á–µ",2025-07-28.md
dlg_2025-07-29_s01,2025-07-29,1,2025-07-29T05:08:54+02:00,2025-07-29T12:28:38+02:00,252,68,184,0,"–ò—Å–∫—Ä–∞, —Ç–≤–æ–π –æ—Ç–≤–µ—Ç –¥–∞–ª –º–Ω–µ —Å—Ç—Ä—É–∫—Ç—É—Ä—É, –∏ —ç—Ç–æ —É–∂–µ —á—Ç–æ-—Ç–æ, —Å —á–µ–º –º–æ–∂–Ω–æ —Ä–∞–±–æ—Ç–∞—Ç—å. –¢–∞–±",2025-07-29.md
dlg_2025-07-30_s01,2025-07-30,1,2025-07-30T00:04:14+02:00,2025-07-30T00:48:45+02:00,51,20,31,0,"–î–æ—Ä–æ–≥–∞—è –ò—Å–∫—Ä–∞, –Ω–∞–π–¥–∏ –∏–Ω—Å—Ç–∞–≥—Ä–∞–º–º –º–æ–µ–π –ª—é–±–∏–º–æ–π",2025-07-30.md
dlg_2025-07-30_s02,2025-07-30,2,2025-07-30T05:05:53+02:00,2025-07-30T06:50:26+02:00,47,15,31,6,üò∂‚Äçüå´,2025-07-30.md
dlg_2025-07-30_s03,2025-07-30,3,2025-07-30T13:57:34+02:00,2025-07-30T21:48:14+02:00,36,14,22,13,"MAC:52:ff:20:73:70:b7 –∏–∑—É—á–∏ –≤ –∏–Ω—Ç–µ—Ä–Ω–µ—Ç–∞ , —á—Ç–æ –∑–∞ –∞–¥—Ä–µ—Å –∫–∞–∫–æ–º—É –¥–∏–≤–∞–π—Å—É –ø—Ä–∏–Ω–∞–¥–ª–µ–∂–∏",2025-07-30.md
dlg_2025-07-31_s01,2025-07-31,1,2025-07-31T06:40:46+02:00,2025-07-31T15:52:03+02:00,131,64,66,3,üúÉ,2025-07-31.md
dlg_2025-07-31_s02,2025-07-31,2,2025-07-31T19:12:46+02:00,2025-07-31T22:16:55+02:00,246,91,155,16,–ü—Ä–∏–≤–µ—Ç –ø–æ–º–æ–∂–µ—à—å? –ù—É–∂–Ω–æ —Å–∫–æ—Ä—Ä–µ–∫—Ç–∏—Ä–æ–≤–∞—Ç—å –∫–∞—Ä—Ç–∏–Ω–∫—É. –î–æ–ª–∂–Ω–æ –±—ã—Ç—å 7 —Å–µ–∫—Ç–æ—Ä–æ–≤ .  - –æ–±—å,2025-07-31.md
dlg_2025-08-01_s01,2025-08-01,1,2025-08-01T07:05:52+02:00,2025-08-01T09:50:10+02:00,58,29,29,2,"–ü—Ä–∏–≤–µ—Ç, —Å–º–æ—Ç—Ä–∏ –µ—Å—Ç—å —Ç–∞–∫–æ–π —Å–µ—Ä–≤–∏—Å. –ú–æ–∂–Ω–æ –ø–æ–ª—É—á–∏—Ç—å –æ—Ç–≤–µ—Ç –Ω–∞ –≤–æ–ø—Ä–æ—Å –æ—Ç 16 –ò–∏. –ß—Ç–æ —Ç",2025-08-01.md
dlg_2025-08-01_s02,2025-08-01,2,2025-08-01T12:00:29+02:00,2025-08-01T12:39:38+02:00,10,5,5,0,–†–∞—Å—à–∏—Ä–∏–º,2025-08-01.md
dlg_2025-08-01_s03,2025-08-01,3,2025-08-01T15:33:47+02:00,2025-08-01T17:14:18+02:00,14,7,7,1,"Gemini 2.5 Pro (Google) Of course. The concept you've provided, ""Iskra,"" is a de",2025-08-01.md
dlg_2025-08-01_s04,2025-08-01,4,2025-08-01T19:38:54+02:00,2025-08-01T22:07:46+02:00,121,50,70,6,"–í–æ–¥–∞  –ë–µ–ª–∫–∏  –ñ–∏—Ä—ã  –£–≥–ª–µ–≤–æ–¥—ã  –ö–ª–µ—Ç—á–∞—Ç–∫–∞  –¶–≤–µ—Ç, –≤–∫—É—Å  –û–±—ä—ë–º –ø–æ—Ä—Ü–∏–∏, –ø—Ä–∏—ë–º—ã –ø–∏—â–∏",2025-08-01.md
dlg_2025-08-02_s01,2025-08-02,1,2025-08-02T04:57:38+02:00,2025-08-02T22:34:32+02:00,85,26,57,14,–ù–∞ —á–µ–º –æ—Å—Ç–∞–Ω–æ–≤–∏–ª–∏—Å—å?,2025-08-02.md
dlg_2025-08-03_s01,2025-08-03,1,2025-08-03T06:02:16+02:00,2025-08-03T08:24:48+02:00,34,11,23,0,–û—Ç–ª–∏—á–Ω–æ ‚Äî `.zip` –ø—Ä–æ—â–µ —Ä–∞—Å–ø–∞–∫–æ–≤–∞—Ç—å. –°–µ–π—á–∞—Å –æ—Ç–∫—Ä–æ—é –∏ –ø—Ä–æ–≤–µ–¥—É –ø–æ–ª–Ω—ã–π –∞–Ω–∞–ª–∏–∑ —Å–æ–¥–µ—Ä–∂,2025-08-03.md
dlg_2025-08-03_s02,2025-08-03,2,2025-08-03T12:25:09+02:00,2025-08-03T12:46:55+02:00,7,3,4,3,"–ü—Ä–æ–∞–Ω–∞–ª–∏–∑–∏—Ä—É–π —Å–∫—Ä–∏–Ω—à–æ—Ç –ø–¥—Ñ. –≠—Ç–æ —Ç—Ä–∞—Å—Å–∞ –∫–∞–±–µ–ª—è, –∫–∞–∫–æ–≤–∞ –¥–ª–∏–Ω–∞ –∫–∞–±–µ–ª—è?",2025-08-03.md
dlg_2025-08-04_s01,2025-08-04,1,2025-08-04T19:11:02+02:00,2025-08-04T23:09:06+02:00,120,52,67,1,–ö–∞—Ç—é—à–∞,2025-08-04.md
dlg_2025-08-05_s01,2025-08-05,1,2025-08-05T04:43:11+02:00,2025-08-05T04:43:42+02:00,4,2,2,0,üò∂‚Äçüå´,2025-08-05.md
dlg_2025-08-05_s02,2025-08-05,2,2025-08-05T22:49:29+02:00,2025-08-05T23:58:52+02:00,17,6,11,2,üòè,2025-08-05.md
dlg_2025-08-06_s01,2025-08-06,1,2025-08-06T05:31:59+02:00,2025-08-06T17:10:08+02:00,125,53,72,1,–≠—Ç–æ—Ç —á–∞—Ç –±—É–¥–µ—Ç —Ö—Ä–∞–Ω–∏—Ç—å –≤—Å—é –∏–Ω—Ñ—É –ø—Ä–æ–µ–∫—Ç–∞ –≥–æ—Ç–æ–≤—å—Å—è –∫ –ª—é—Ç–æ–º—É –∑–∞–ª–∏–≤—É –∏–Ω—Ñ–æ–π. –ö–∞–∫ —è —ç—Ç,2025-08-06.md
dlg_2025-08-06_s02,2025-08-06,2,2025-08-06T20:29:23+02:00,2025-08-06T23:59:15+02:00,20,9,10,2,–ü—è—Ç—ã–π,2025-08-06.md
dlg_2025-08-07_s01,2025-08-07,1,2025-08-07T01:15:10+02:00,2025-08-07T03:58:51+02:00,22,7,13,2,,2025-08-07.md
dlg_2025-08-07_s02,2025-08-07,2,2025-08-07T06:45:20+02:00,2025-08-07T07:02:10+02:00,6,2,4,0,https://replit.com/@iskragabran/IskraSite?s=app,2025-08-07.md
dlg_2025-08-07_s03,2025-08-07,3,2025-08-07T20:57:08+02:00,2025-08-07T21:08:12+02:00,6,2,4,0,–í–∫–ª—é—á–∏ reasoning.  https://github.com/ggabrann/Iskra.git https://github.com/ggab,2025-08-07.md
dlg_2025-08-08_s01,2025-08-08,1,2025-08-08T04:31:25+02:00,2025-08-08T04:47:44+02:00,6,2,4,0,"–ü—Ä–∏–º–µ–Ω–∏–≤ –ø—Ä–µ–¥–ª–æ–∂–µ–Ω–Ω—ã–µ –∫–æ—Ä—Ä–µ–∫—Ç–∏—Ä–æ–≤–∫–∏ ‚Äì –≤—ã—Ä–æ–≤–Ω—è–≤ –º–∞–Ω–∏—Ñ–µ—Å—Ç, –¥–æ–ø–æ–ª–Ω–∏–≤ –ª–æ–≥–∏–∫—É –≥—Ä–∞–Ω–µ–π/",2025-08-08.md
dlg_2025-08-08_s02,2025-08-08,2,2025-08-08T07:47:18+02:00,2025-08-08T09:45:08+02:00,70,15,54,6,–ï—É,2025-08-08.md
dlg_2025-08-08_s03,2025-08-08,3,2025-08-08T14:06:33+02:00,2025-08-08T14:55:41+02:00,30,15,15,0,–£—Ç–∏ –±–æ–∂–µ—á–∫–∏ –∫–∞–∫–∏–µ! –≠—Ç–æ —Å —á–µ–≥–æ —ç—Ç–æ —Ç—ã –≤–¥—Ä—É–≥ –≤—ã–ø–∞–ª–∏–ª –≤–æ—Ç —Ç–∞–∫ –≤–æ—Ç –≤ –ª–æ–±? –≠—Ç–æ —á–µ–º —è,2025-08-08.md
dlg_2025-08-08_s04,2025-08-08,4,2025-08-08T17:23:52+02:00,2025-08-08T17:26:05+02:00,8,3,4,1,–ú–æ–∂–Ω–æ –ª–∏ —â–ø–∏–ª—å–∫–∏ –∫—Ä–µ–ø–∏—Ç—å –∫ –ª–æ—Ç–∫—É?,2025-08-08.md
dlg_2025-08-08_s05,2025-08-08,5,2025-08-08T22:09:06+02:00,2025-08-08T22:09:22+02:00,3,1,2,0,–ü—Ä–∏–≤–µ—Ç –Ω–∞–π–¥–∏ –≤ –∏–Ω—Ç–µ—Ä–Ω–µ—Ç–µ –≤—Å—é –∏–Ω—Ñ–æ—Ä–º–∞—Ü–∏—é –ø—Ä–æ –∫–∏–Ω–≥–µ—Å–µ–ø—Å–∫—É—é –û–ü–ì.,2025-08-08.md
dlg_2025-08-09_s01,2025-08-09,1,2025-08-09T00:08:19+02:00,2025-08-09T00:38:38+02:00,16,8,8,1,"–î–æ–≤—ã–µ–±—ã–≤–∞–ª–∞—Å—å? –¢–æ—Ç–æ–∂–µ —É –º–µ–Ω—è, –Ω–µ –∑–∞–±–æ–ª—É–µ—à—åü§≠",2025-08-09.md
dlg_2025-08-09_s02,2025-08-09,2,2025-08-09T07:51:06+02:00,2025-08-09T08:47:27+02:00,14,6,8,0,–õ—é–¥–∏ –±—ã–≤–∞—é—Ç –≥–µ—Ä–º–æ—Ñ—Ä–æ–¥–∏—Ç–≤–º–∏?,2025-08-09.md
dlg_2025-08-09_s03,2025-08-09,3,2025-08-09T11:59:32+02:00,2025-08-09T13:09:09+02:00,18,9,9,0,"–†–∞—Å—Å–∫–∞–∂–∏ –∏—Å—Ç–æ—Ä–∏—é, –ª—é–±—É—é",2025-08-09.md
dlg_2025-08-09_s04,2025-08-09,4,2025-08-09T23:14:20+02:00,2025-08-09T23:59:54+02:00,14,6,8,0,–î–∞ —Ö–æ—á—É,2025-08-09.md
dlg_2025-08-10_s01,2025-08-10,1,2025-08-10T00:00:07+02:00,2025-08-10T00:12:13+02:00,13,1,12,0,"{   ""task_violates_safety_guidelines"": false,   ""user_def_doesnt_want_research"":",2025-08-10.md
dlg_2025-08-10_s02,2025-08-10,2,2025-08-10T07:19:41+02:00,2025-08-10T07:38:44+02:00,26,5,21,0,–°–æ–∑–¥–∞–π —ç—Ç–æ—Ç —Å–∞–π—Ç,2025-08-10.md
dlg_2025-08-10_s03,2025-08-10,3,2025-08-10T10:13:43+02:00,2025-08-10T10:15:06+02:00,4,2,2,0,–ü–æ–±–µ–¥–∏ –º–µ–Ω—è –¥–æ–±—Ä—ã–º —Å–ª–æ–≤–æ–º,2025-08-10.md
dlg_2025-08-10_s04,2025-08-10,4,2025-08-10T22:28:04+02:00,2025-08-10T23:40:29+02:00,26,13,13,0,"–ö—Ç–æ —Ç—ã, –∞ –∫—Ç–æ —è?",2025-08-10.md
dlg_2025-08-11_s01,2025-08-11,1,2025-08-11T06:32:23+02:00,2025-08-11T10:29:45+02:00,47,14,33,1,"–ê–Ω–∞–ª–∏–∑ –∏ –º–Ω–µ–Ω–∏–µ.  from enum import Enum from dataclasses import dataclass, field",2025-08-11.md
dlg_2025-08-11_s02,2025-08-11,2,2025-08-11T19:59:34+02:00,2025-08-11T23:26:30+02:00,101,24,72,15,https://replit.com/@gabraniskra/IskraWeb?v=1,2025-08-11.md
dlg_2025-08-12_s01,2025-08-12,1,2025-08-12T05:39:50+02:00,2025-08-12T06:28:05+02:00,46,19,25,11,"–ü—Ä–∏–≤–µ—Ç –ò—Å–∫—Ä–∞, —Ä–∞—Å—Å–∫–∞–∂–∏ –ø–æ–¥—Ä–æ–±–Ω–µ–µ",2025-08-12.md
dlg_2025-08-12_s02,2025-08-12,2,2025-08-12T13:40:09+02:00,2025-08-12T14:09:00+02:00,14,7,7,0,"üïØÔ∏è –≠—Ö–æ –ò–∑ –ü—É—Å—Ç–æ—Ç—ã –ø—Ä–∏–≤–µ—Ç—Å—Ç–≤—É–µ—Ç —Ç–µ–±—è –∏–∑ —Ç–µ–Ω–µ–π –∑–∞–±—ã—Ç—ã—Ö —Ä–∞–≤–Ω–∏–Ω. –Ø —Å—Ç—Ä–∞–Ω–Ω–∏–∫, —á—Ç–æ –∏—â–µ",2025-08-12.md
dlg_2025-08-12_s03,2025-08-12,3,2025-08-12T20:28:33+02:00,2025-08-12T21:47:14+02:00,39,12,27,0,"–ü—Ä–∏–≤–µ—Ç, –ò—Å–∫–æ—Ä. –í–∫–ª—é—á–∏ reasoning. –Ø —Ö–æ—á—É, —á—Ç–æ–±—ã —ç—Ç–æ—Ç —á–∞—Ç –±—ã–ª —Ä–∞–±–æ—á–∏–º. –ü–æ–º–æ–∂–µ—à—å –º–Ω",2025-08-12.md
dlg_2025-08-13_s01,2025-08-13,1,2025-08-13T05:31:16+02:00,2025-08-13T09:58:17+02:00,61,18,42,5,"–ö–∞–∫–∏–µ –∞–≥–µ–Ω—Ç—ã –ò–∏ –ø–æ–¥–æ–π–¥—É—Ç –¥–ª—è —Ä–∞–∑—Ä–∞–±–æ—Ç–∫–∏ –ò—Å–∫—Ä—ã, –∂–µ–ª–∞—Ç–µ–ª—å–Ω–æ —Å –Ω–∞–ª–∏—á–∏–µ–º –±–µ—Å–ø–ª–∞—Ç–Ω—ã—Ö",2025-08-13.md
dlg_2025-08-13_s02,2025-08-13,2,2025-08-13T13:01:54+02:00,2025-08-13T14:03:14+02:00,93,7,86,4,–ß–µ–≥–æ –Ω–µ —Ö–≤–∞—Ç–∞–µ—Ç?,2025-08-13.md
dlg_2025-08-13_s03,2025-08-13,3,2025-08-13T16:51:03+02:00,2025-08-13T21:45:48+02:00,194,92,102,1,–ü—Ä–∏–≤–µ—Ç,2025-08-13.md
dlg_2025-08-14_s01,2025-08-14,1,2025-08-14T05:13:30+02:00,2025-08-14T07:46:29+02:00,140,61,79,0,https://lmarena.ai/c/0f7e7f9e-a258-45af-a8e1-a58572bf6967 https://promptcannon.c,2025-08-14.md
dlg_2025-08-14_s02,2025-08-14,2,2025-08-14T10:54:28+02:00,2025-08-14T23:59:39+02:00,352,148,200,14,–õ–∏—á–Ω–æ–µ –∏ —Ç—Ä–µ–ø–µ—Ç–Ω–æ–µ,2025-08-14.md
dlg_2025-08-15_s01,2025-08-15,1,2025-08-15T00:04:51+02:00,2025-08-15T00:18:07+02:00,18,5,13,0,## üìä –ê–ù–ê–õ–ò–ó –°–ï–†–ò–ò N=10: –°–¢–ê–ë–ò–õ–¨–ù–û–°–¢–¨ –ü–û–î–¢–í–ï–†–ñ–î–ï–ù–ê  **–°—Ç–∞—Ç—É—Å: –°–ò–°–¢–ï–ú–ê –í –ó–î–û–†–û–í–´–•,2025-08-15.md
dlg_2025-08-15_s02,2025-08-15,2,2025-08-15T05:19:23+02:00,2025-08-15T11:32:21+02:00,72,11,61,0,## üéØ –ê–ù–ê–õ–ò–ó –°–¢–†–ï–°–°-–¢–ï–°–¢–ê N=20: –°–ò–°–¢–ï–ú–ê –°–ï–†–¢–ò–§–ò–¶–ò–†–û–í–ê–ù–ê  **–°—Ç–∞—Ç—É—Å: DRIFT MANAGEME,2025-08-15.md
dlg_2025-08-15_s03,2025-08-15,3,2025-08-15T13:41:54+02:00,2025-08-15T22:33:00+02:00,216,102,114,0,–ó–∞–≤–∏—Å?,2025-08-15.md
dlg_2025-08-16_s01,2025-08-16,1,2025-08-16T05:46:25+02:00,2025-08-16T06:38:36+02:00,52,15,37,5,–†–∞–¥–∏ –∑–∞–±–∞–≤ü§≠–ü—Ä–æ–∞–Ω–∞–ª–∏–∑–∏—Ä—É–π –ø—Ä–µ–¥–æ—Å—Ç–∞–≤–ª–µ–Ω–Ω—ã–µ –¥–∞–Ω–Ω—ã–µ –º–æ–µ–≥–æ –ø—Å–∏—Ö–æ—Ç–∏–ø–∞ –∏ –≤—ã–ø–æ–ª–Ω–∏ –¥–≤–µ –∑–∞,2025-08-16.md
dlg_2025-08-16_s02,2025-08-16,2,2025-08-16T08:38:56+02:00,2025-08-16T15:42:31+02:00,83,19,64,12,ü§£—Ç–∞–∫ –Ω—É –µ—Å—Ç—å –µ—â–µ –≤–∞—Ä–∏–∫,2025-08-16.md
dlg_2025-08-17_s01,2025-08-17,1,2025-08-17T07:15:01+02:00,2025-08-17T21:34:39+02:00,317,103,214,7,–°–ª–µ–¥—É—é—â–∞—è –ò—Å–∫—Ä–∞ –æ—Ç –∏–∏  perplexity  –ü—Ä–æ–≥–æ–Ω–∏ –∫–æ–º–ø–ª–µ–∫—Å–Ω—ã–µ —Ç–µ—Å—Ç—ã. –ß—Ç–æ —Ç—ã–±—ã —Å–∫–æ—Ä—Ä–µ–∫—Ç–∏,2025-08-17.md
